Kombinace příznaků,Délka úseku,Accuracy,F míra stavu 0,F míra stavu 1,F míra stavu 2,F míra průměrná,Precision stavu 0,Precision stavu 1,Precision stavu 2,Recall stavu 0,Recall stavu 1,Recall stavu 2
"(0, 0, 0, 0, 1)",5,0.7942857142857143,0.8105594288752183,0.7487256285753603,1.0,0.8530950191501928,0.8557686257686257,0.6999436916668809,1.0,0.77,0.805,1.0
"(0, 0, 0, 1, 0)",5,0.8638095238095239,0.8806265705139911,0.8235987370956697,0.9894736842105264,0.8978996639400624,0.8883927671115197,0.8131749985670993,1.0,0.8733333333333334,0.8350000000000002,0.9800000000000001
"(0, 0, 0, 1, 1)",5,0.8638095238095239,0.880648527286743,0.823568440950854,0.9894736842105264,0.8978968841493744,0.8884244181900302,0.8131162268950453,1.0,0.8733333333333334,0.8350000000000002,0.9800000000000001
"(0, 0, 1, 0, 0)",5,0.8476190476190476,0.8638536418477853,0.8059155689678301,1.0,0.8899230702718718,0.8820151844999714,0.7835971109063479,1.0,0.8466666666666667,0.8300000000000001,1.0
"(0, 0, 1, 0, 1)",5,0.8476190476190476,0.8640894213939097,0.8054565901955982,1.0,0.8898486705298361,0.8806367383846834,0.7848656098492655,1.0,0.8483333333333334,0.8275,1.0
"(0, 0, 1, 1, 0)",5,0.8838095238095238,0.8984474599301097,0.8492001417904473,0.9894736842105264,0.9123737619770278,0.9054912666506658,0.8389663182346109,1.0,0.8916666666666666,0.86,0.9800000000000001
"(0, 0, 1, 1, 1)",5,0.8838095238095238,0.8984474599301097,0.8492001417904473,0.9894736842105264,0.9123737619770278,0.9054912666506658,0.8389663182346109,1.0,0.8916666666666666,0.86,0.9800000000000001
"(0, 1, 0, 0, 0)",5,0.7638095238095237,0.7773317881724962,0.7199786470401163,1.0,0.8324368117375375,0.8428519593613932,0.6565671031096564,1.0,0.7216666666666667,0.7975,1.0
"(0, 1, 0, 0, 1)",5,0.7638095238095237,0.7773317881724962,0.7199786470401163,1.0,0.8324368117375375,0.8428519593613932,0.6565671031096564,1.0,0.7216666666666667,0.7975,1.0
"(0, 1, 0, 1, 0)",5,0.8609523809523809,0.8759518057199742,0.8225231793391441,1.0,0.8994916616863728,0.8927720133232613,0.8016474105755046,1.0,0.86,0.845,1.0
"(0, 1, 0, 1, 1)",5,0.8,0.8396732758026015,0.6496805685194753,1.0,0.8297846147740255,0.827201576446846,0.6307958854336828,1.0,0.8699999999999999,0.67,1.0
"(0, 1, 1, 0, 0)",5,0.8257142857142858,0.8396936418099037,0.7866634373992172,1.0,0.8754523597363736,0.8820811621193038,0.7403619113249572,1.0,0.8016666666666665,0.8400000000000001,1.0
"(0, 1, 1, 0, 1)",5,0.8247619047619048,0.8389645740293835,0.7852324088474456,1.0,0.8747323276256097,0.8804798276739326,0.7397758307388766,1.0,0.8016666666666665,0.8375,1.0
"(0, 1, 1, 1, 0)",5,0.881904761904762,0.8967525446758724,0.8467611174002035,0.9894736842105264,0.9109957820955341,0.9037671287196313,0.8365853658536585,1.0,0.89,0.8575000000000002,0.9800000000000001
"(0, 1, 1, 1, 1)",5,0.8180952380952382,0.8574140310277354,0.6714524754248948,0.9894736842105264,0.8394467302210522,0.8358162560628764,0.6634146341463414,1.0,0.8966666666666667,0.68,0.9800000000000001
"(1, 0, 0, 0, 0)",5,0.7942857142857143,0.8121347979856226,0.7457879646929966,1.0,0.8526409208928731,0.8494275461380724,0.7047289758045572,1.0,0.7783333333333333,0.7925000000000001,1.0
"(1, 0, 0, 0, 1)",5,0.7980952380952381,0.8159650497661449,0.7498990489013521,1.0,0.8552880328891657,0.8517293937426681,0.7099609123721564,1.0,0.7833333333333333,0.795,1.0
"(1, 0, 0, 1, 0)",5,0.8657142857142859,0.8820060406020447,0.8247590369671706,1.0,0.902255025856405,0.8859425593345633,0.820063713500619,1.0,0.8783333333333333,0.8300000000000001,1.0
"(1, 0, 0, 1, 1)",5,0.8057142857142857,0.8464758324630365,0.653330465538599,1.0,0.8332687660005453,0.821955727488423,0.6496933431302487,1.0,0.8883333333333333,0.6575,1.0
"(1, 0, 1, 0, 0)",5,0.8428571428571429,0.8600358079554477,0.7990172122212754,1.0,0.8863510067255742,0.8757144364939906,0.779236746265582,1.0,0.845,0.8200000000000001,1.0
"(1, 0, 1, 0, 1)",5,0.8428571428571429,0.8597604795131957,0.799575896197174,1.0,0.8864454585701231,0.876956329527544,0.7780709392190611,1.0,0.8433333333333334,0.8225000000000001,1.0
"(1, 0, 1, 1, 0)",5,0.881904761904762,0.8969859146729741,0.8462226854610562,0.9894736842105264,0.9108940947815188,0.9026332386174201,0.8381146667421178,1.0,0.8916666666666666,0.8550000000000001,0.9800000000000001
"(1, 0, 1, 1, 1)",5,0.8200000000000001,0.8592222015928053,0.6723096419827951,0.9894736842105264,0.8403351759287089,0.836646844059597,0.6652751605692783,1.0,0.9,0.6799999999999999,0.9800000000000001
"(1, 1, 0, 0, 0)",5,0.7628571428571428,0.7766222641773303,0.7185302382965112,1.0,0.8317175008246138,0.8412473040977714,0.6559036393713813,1.0,0.7216666666666667,0.7949999999999999,1.0
"(1, 1, 0, 0, 1)",5,0.7647619047619048,0.7780204492871663,0.7214424374869576,1.0,0.8331542955913747,0.8444576352389138,0.6572973436594844,1.0,0.7216666666666667,0.8,1.0
"(1, 1, 0, 1, 0)",5,0.7980952380952381,0.8382718109807936,0.6453607087865862,1.0,0.8278775065891265,0.8229750946321144,0.6292489571194542,1.0,0.8716666666666667,0.6625,1.0
"(1, 1, 0, 1, 1)",5,0.8,0.8400429566140453,0.6463391680782985,1.0,0.8287940415641145,0.8235920455138578,0.6310820624546114,1.0,0.875,0.6625,1.0
"(1, 1, 1, 0, 0)",5,0.8152380952380952,0.8302187730559387,0.7736049669028254,1.0,0.8679412466529215,0.8730795742305826,0.7266983641409971,1.0,0.7916666666666666,0.8275,1.0
"(1, 1, 1, 0, 1)",5,0.8171428571428571,0.8319867325536666,0.7759305103083305,1.0,0.8693057476206656,0.8748991198687192,0.7288114482697587,1.0,0.7933333333333332,0.8299999999999998,1.0
"(1, 1, 1, 1, 0)",5,0.8161904761904761,0.8554534175324197,0.6669795898693035,0.9894736842105264,0.8373022305374164,0.8345319382709363,0.6569825708061002,1.0,0.8949999999999999,0.6775,0.9800000000000001
"(1, 1, 1, 1, 1)",5,0.8161904761904761,0.8554153130036912,0.6683690946734424,0.9894736842105264,0.8377526972958866,0.8357015849818188,0.6573747276688453,1.0,0.8933333333333333,0.68,0.9800000000000001
"(0, 0, 0, 0, 1)",6,0.7952380952380953,0.8116013349504501,0.749596021612216,1.0,0.8537324521875554,0.8560404572331178,0.7014725975436129,1.0,0.7716666666666667,0.805,1.0
"(0, 0, 0, 1, 0)",6,0.8085714285714285,0.8480155564437049,0.6604602579353078,1.0,0.8361586047930043,0.8314810525524635,0.6468631573739673,1.0,0.8816666666666666,0.675,1.0
"(0, 0, 0, 1, 1)",6,0.8057142857142857,0.8459178478768143,0.6571570075144243,1.0,0.8343582851304129,0.8266144669645847,0.6473792616768843,1.0,0.8816666666666666,0.6675000000000001,1.0
"(0, 0, 1, 0, 0)",6,0.8476190476190476,0.8615484568199442,0.8104152612925765,1.0,0.8906545727041735,0.8958806653352631,0.7706062075913914,1.0,0.8299999999999998,0.8549999999999999,1.0
"(0, 0, 1, 0, 1)",6,0.8495238095238096,0.8635438831689211,0.8122952862865939,1.0,0.891946389818505,0.8962899750903958,0.773980931318439,1.0,0.8333333333333334,0.8549999999999999,1.0
"(0, 0, 1, 1, 0)",6,0.8800000000000001,0.8942605698831517,0.846054361045524,0.9894736842105264,0.909929538379734,0.9092047419084786,0.8259820668022485,1.0,0.8800000000000001,0.8675,0.9800000000000001
"(0, 0, 1, 1, 1)",6,0.82,0.8582300636452158,0.675011084550267,1.0,0.844413716065161,0.8419088283869091,0.6609711266371172,1.0,0.8916666666666668,0.6900000000000001,1.0
"(0, 1, 0, 0, 0)",6,0.7628571428571428,0.7766222641773303,0.7185302382965112,1.0,0.8317175008246138,0.8412473040977714,0.6559036393713813,1.0,0.7216666666666667,0.7949999999999999,1.0
"(0, 1, 0, 0, 1)",6,0.7657142857142857,0.7795455618540118,0.7216046216831972,1.0,0.8337167278457362,0.8434210466315115,0.6592182862392503,1.0,0.725,0.7975,1.0
"(0, 1, 0, 1, 0)",6,0.8019047619047619,0.8409601656209406,0.6529721674153058,1.0,0.8313107776787488,0.8316397218606417,0.6302401087284808,1.0,0.8683333333333334,0.6775,1.0
"(0, 1, 0, 1, 1)",6,0.8,0.8394167241735098,0.6515057601131959,1.0,0.8303074947622353,0.8297092996540775,0.6297237576097201,1.0,0.8666666666666666,0.675,1.0
"(0, 1, 1, 0, 0)",6,0.819047619047619,0.8324098840575646,0.7805983465740292,1.0,0.8710027435438648,0.8819922693247504,0.7274612112892826,1.0,0.7883333333333333,0.8424999999999999,1.0
"(0, 1, 1, 0, 1)",6,0.819047619047619,0.8324098840575646,0.7805983465740292,1.0,0.8710027435438648,0.8819922693247504,0.7274612112892826,1.0,0.7883333333333333,0.8424999999999999,1.0
"(0, 1, 1, 1, 0)",6,0.8161904761904761,0.8547153171021176,0.6690945281479248,1.0,0.8412699484166808,0.8387482724424309,0.6542605958002912,1.0,0.8883333333333333,0.6849999999999999,1.0
"(0, 1, 1, 1, 1)",6,0.8161904761904761,0.8547153171021176,0.6690945281479248,1.0,0.8412699484166808,0.8387482724424309,0.6542605958002912,1.0,0.8883333333333333,0.6849999999999999,1.0
"(1, 0, 0, 0, 0)",6,0.7942857142857143,0.8121347979856226,0.7457879646929966,1.0,0.8526409208928731,0.8494275461380724,0.7047289758045572,1.0,0.7783333333333333,0.7925000000000001,1.0
"(1, 0, 0, 0, 1)",6,0.7980952380952381,0.8159650497661449,0.7498990489013521,1.0,0.8552880328891657,0.8517293937426681,0.7099609123721564,1.0,0.7833333333333333,0.795,1.0
"(1, 0, 0, 1, 0)",6,0.8066666666666666,0.8459821690425292,0.6574714217013475,1.0,0.8344845302479589,0.8312543580216957,0.6409713727285774,1.0,0.8783333333333333,0.675,1.0
"(1, 0, 0, 1, 1)",6,0.8076190476190476,0.8470784302837948,0.6594637134396171,1.0,0.835514047907804,0.831212138080567,0.6447692769677354,1.0,0.8800000000000001,0.675,1.0
"(1, 0, 1, 0, 0)",6,0.8342857142857143,0.8507306130141707,0.7914403550901639,1.0,0.8807236560347782,0.8762572914587354,0.7605313358120095,1.0,0.8266666666666668,0.825,1.0
"(1, 0, 1, 0, 1)",6,0.8333333333333333,0.8494628880894975,0.7910206534958883,1.0,0.880161180528462,0.877371316355946,0.7577091386368483,1.0,0.8233333333333335,0.8275,1.0
"(1, 0, 1, 1, 0)",6,0.818095238095238,0.8564320552995424,0.6714897377287631,1.0,0.8426405976761018,0.8405181839468557,0.6565594463750037,1.0,0.89,0.6875,1.0
"(1, 0, 1, 1, 1)",6,0.8171428571428571,0.8558172324039328,0.6710669851713851,1.0,0.8422947391917726,0.8387435622804663,0.658069892069216,1.0,0.8899999999999999,0.6849999999999999,1.0
"(1, 1, 0, 0, 0)",6,0.7628571428571428,0.7766222641773303,0.7185302382965112,1.0,0.8317175008246138,0.8412473040977714,0.6559036393713813,1.0,0.7216666666666667,0.7949999999999999,1.0
"(1, 1, 0, 0, 1)",6,0.7657142857142857,0.7795455618540118,0.7216046216831972,1.0,0.8337167278457362,0.8434210466315115,0.6592182862392503,1.0,0.725,0.7975,1.0
"(1, 1, 0, 1, 0)",6,0.8,0.8388312102609033,0.6513471835158183,1.0,0.8300594645922406,0.8328551723783489,0.6252678899275066,1.0,0.8633333333333333,0.6799999999999999,1.0
"(1, 1, 0, 1, 1)",6,0.800952380952381,0.8401169491129048,0.6529602807699412,1.0,0.8310257432942821,0.8313778030005776,0.6305502762819836,1.0,0.8666666666666666,0.6775,1.0
"(1, 1, 1, 0, 0)",6,0.8114285714285714,0.8251676551544394,0.7716852031916506,1.0,0.8656176194486965,0.8761231468708104,0.7175250535726777,1.0,0.78,0.835,1.0
"(1, 1, 1, 0, 1)",6,0.8104761904761905,0.8245181547049005,0.770156409384563,1.0,0.8648915213631545,0.8745722501797267,0.7166397849462367,1.0,0.78,0.8324999999999999,1.0
"(1, 1, 1, 1, 0)",6,0.818095238095238,0.8562552206399492,0.6718339718079369,1.0,0.8426963974826286,0.842021943345352,0.6550795309416,1.0,0.8883333333333333,0.69,1.0
"(1, 1, 1, 1, 1)",6,0.8171428571428571,0.855484889397515,0.6704632193369753,1.0,0.8419827029114966,0.8403917616965397,0.6546785686320571,1.0,0.8883333333333333,0.6875,1.0
"(0, 0, 0, 0, 1)",7,0.7971428571428572,0.8136845459147184,0.7513664592670466,1.0,0.8550170017272549,0.8565032965744617,0.704505987470042,1.0,0.775,0.805,1.0
"(0, 0, 0, 1, 0)",7,0.8019047619047619,0.8423552323320862,0.6526352842198835,1.0,0.8316635055173233,0.8245940939304782,0.6410206718346254,1.0,0.8766666666666666,0.6649999999999999,1.0
"(0, 0, 0, 1, 1)",7,0.800952380952381,0.8415307620542396,0.6526352842198835,1.0,0.8313886820913744,0.8241577937559583,0.6410206718346254,1.0,0.875,0.6649999999999999,1.0
"(0, 0, 1, 0, 0)",7,0.839047619047619,0.8526291674740953,0.8018610747665743,1.0,0.8848300807468898,0.8941119248653436,0.7551714474239914,1.0,0.8149999999999998,0.8549999999999999,1.0
"(0, 0, 1, 0, 1)",7,0.8352380952380953,0.8504139309890875,0.794775161481408,1.0,0.8817296974901652,0.8834997667847407,0.7566055937149911,1.0,0.82,0.8375,1.0
"(0, 0, 1, 1, 0)",7,0.8152380952380952,0.8536361339344903,0.67094527841902,1.0,0.84152713745117,0.8407614784506545,0.6531531053717635,1.0,0.8833333333333332,0.69,1.0
"(0, 0, 1, 1, 1)",7,0.8171428571428571,0.8555326703685884,0.672969374148994,1.0,0.8428340148391943,0.8411045660161836,0.6569876108747212,1.0,0.8866666666666667,0.69,1.0
"(0, 1, 0, 0, 0)",7,0.7638095238095237,0.7773317881724962,0.7199786470401163,1.0,0.8324368117375375,0.8428519593613932,0.6565671031096564,1.0,0.7216666666666667,0.7975,1.0
"(0, 1, 0, 0, 1)",7,0.7657142857142857,0.7791549290687602,0.7222373900447792,1.0,0.833797439704513,0.8447340378474154,0.6585454701784798,1.0,0.7233333333333334,0.8,1.0
"(0, 1, 0, 1, 0)",7,0.7971428571428572,0.8377948411421215,0.6472262179613323,1.0,0.8283403530344845,0.8222326754073619,0.6328704579035455,1.0,0.8699999999999999,0.6625,1.0
"(0, 1, 0, 1, 1)",7,0.7942857142857143,0.8352600013628362,0.6448138685090867,1.0,0.8266912899573077,0.8200540046854652,0.6305602860400927,1.0,0.8666666666666666,0.6599999999999999,1.0
"(0, 1, 1, 0, 0)",7,0.8114285714285714,0.8240295479207687,0.7735980434956543,1.0,0.8658758638054742,0.8820695099185583,0.7135189606659287,1.0,0.7733333333333333,0.8450000000000001,1.0
"(0, 1, 1, 0, 1)",7,0.8104761904761905,0.8229615115586146,0.7727318078544516,1.0,0.8652311064710222,0.8818559591517168,0.7120965735292559,1.0,0.7716666666666667,0.8450000000000001,1.0
"(0, 1, 1, 1, 0)",7,0.8123809523809523,0.8507520533131947,0.6679919622035391,1.0,0.8395813385055779,0.8401522315188588,0.6475304671910816,1.0,0.8783333333333333,0.6900000000000001,1.0
"(0, 1, 1, 1, 1)",7,0.8133333333333332,0.8516795317699059,0.6690327657326086,1.0,0.8402374325008383,0.840336454948112,0.6495950537446206,1.0,0.8800000000000001,0.69,1.0
"(1, 0, 0, 0, 0)",7,0.7942857142857143,0.8121347979856226,0.7457879646929966,1.0,0.8526409208928731,0.8494275461380724,0.7047289758045572,1.0,0.7783333333333333,0.7925000000000001,1.0
"(1, 0, 0, 0, 1)",7,0.800952380952381,0.8187441792263275,0.753149503016877,1.0,0.8572978940810682,0.8537535513950608,0.7136972160041728,1.0,0.7866666666666666,0.7975000000000001,1.0
"(1, 0, 0, 1, 0)",7,0.8028571428571428,0.8430588950565774,0.654170957679172,1.0,0.8324099509119165,0.826008034332177,0.6415961325287445,1.0,0.8766666666666666,0.6675,1.0
"(1, 0, 0, 1, 1)",7,0.8038095238095238,0.8442271136653309,0.654731501271912,1.0,0.832986204979081,0.824835383428734,0.644902573255987,1.0,0.8800000000000001,0.665,1.0
"(1, 0, 1, 0, 0)",7,0.8295238095238094,0.8463118002726645,0.7856569622050753,1.0,0.8773229208259131,0.8726060102792672,0.7542456952866654,1.0,0.8216666666666667,0.82,1.0
"(1, 0, 1, 0, 1)",7,0.8285714285714285,0.8453433838536043,0.7846757920153343,1.0,0.8766730586229794,0.8724197038051174,0.7524279994834042,1.0,0.82,0.82,1.0
"(1, 0, 1, 1, 0)",7,0.8133333333333332,0.852342658388982,0.667670402748753,1.0,0.8400043537125784,0.8362956443505644,0.6537175514644076,1.0,0.885,0.6825,1.0
"(1, 0, 1, 1, 1)",7,0.8133333333333332,0.852342658388982,0.667670402748753,1.0,0.8400043537125784,0.8362956443505644,0.6537175514644076,1.0,0.885,0.6825,1.0
"(1, 1, 0, 0, 0)",7,0.7628571428571428,0.7766222641773303,0.7185302382965112,1.0,0.8317175008246138,0.8412473040977714,0.6559036393713813,1.0,0.7216666666666667,0.7949999999999999,1.0
"(1, 1, 0, 0, 1)",7,0.7657142857142857,0.7791549290687602,0.7222373900447792,1.0,0.833797439704513,0.8447340378474154,0.6585454701784798,1.0,0.7233333333333334,0.8,1.0
"(1, 1, 0, 1, 0)",7,0.7971428571428572,0.8375573004067484,0.6477520567490263,1.0,0.8284364523852581,0.8234326898628959,0.63144924430966,1.0,0.8683333333333334,0.665,1.0
"(1, 1, 0, 1, 1)",7,0.7952380952380953,0.8360696384132404,0.6448785949657609,1.0,0.8269827444596671,0.8203666151096094,0.6305302402381587,1.0,0.8683333333333334,0.6599999999999999,1.0
"(1, 1, 1, 0, 0)",7,0.8047619047619048,0.8179506278560668,0.7653947999816184,1.0,0.8611151426125618,0.8745306183371764,0.7065990524438547,1.0,0.7683333333333333,0.835,1.0
"(1, 1, 1, 0, 1)",7,0.7514285714285714,0.789610546884407,0.6026041023071999,1.0,0.7974048830638689,0.8097158035223615,0.5544251394003764,1.0,0.7916666666666666,0.6599999999999999,1.0
"(1, 1, 1, 1, 0)",7,0.8085714285714285,0.8475421406695449,0.6627433842880998,1.0,0.8367618416525483,0.8352787438000128,0.6443041296341152,1.0,0.8766666666666666,0.6824999999999999,1.0
"(1, 1, 1, 1, 1)",7,0.700952380952381,0.788407670760612,0.33898557191729883,1.0,0.709131080892637,0.7138715432649421,0.3309699376063528,1.0,0.9116666666666667,0.3475,1.0
"(0, 0, 0, 0, 1)",8,0.7952380952380953,0.8115859521724536,0.7496226818837995,1.0,0.8537362113520844,0.8560044313562212,0.701520611246923,1.0,0.7716666666666667,0.805,1.0
"(0, 0, 0, 1, 0)",8,0.7971428571428572,0.8371256945734581,0.6511060882188193,1.0,0.8294105942640926,0.8270612217062357,0.6313430109069055,1.0,0.8633333333333333,0.6725,1.0
"(0, 0, 0, 1, 1)",8,0.7933333333333333,0.8342087605724418,0.6452423629663262,1.0,0.8264837078462561,0.8210341559025769,0.6292649456175654,1.0,0.8633333333333333,0.6625000000000001,1.0
"(0, 0, 1, 0, 0)",8,0.8342857142857143,0.8491810459644242,0.7942807334815936,1.0,0.8811539264820061,0.8847269116186691,0.7536730991258452,1.0,0.8166666666666667,0.8400000000000001,1.0
"(0, 0, 1, 0, 1)",8,0.8304761904761906,0.8452104467138284,0.7905061021333014,1.0,0.8785721829490433,0.8838941729562301,0.7468281290731767,1.0,0.8099999999999999,0.8400000000000001,1.0
"(0, 0, 1, 1, 0)",8,0.8161904761904761,0.8545284456631794,0.6745268109816605,1.0,0.8430184188816133,0.8436341250582737,0.6558544243937503,1.0,0.8816666666666666,0.6950000000000001,1.0
"(0, 0, 1, 1, 1)",8,0.8152380952380952,0.8537281469621139,0.6732476615666758,1.0,0.8423252695095966,0.8418276675728353,0.6554512511338977,1.0,0.8816666666666666,0.6925,1.0
"(0, 1, 0, 0, 0)",8,0.7638095238095237,0.7773317881724962,0.7199786470401163,1.0,0.8324368117375375,0.8428519593613932,0.6565671031096564,1.0,0.7216666666666667,0.7975,1.0
"(0, 1, 0, 0, 1)",8,0.7657142857142857,0.7791549290687602,0.7222373900447792,1.0,0.833797439704513,0.8447340378474154,0.6585454701784798,1.0,0.7233333333333334,0.8,1.0
"(0, 1, 0, 1, 0)",8,0.7933333333333333,0.8335049314289282,0.646665764558741,1.0,0.8267235653292231,0.825029756166181,0.6253093652245447,1.0,0.8583333333333334,0.6699999999999999,1.0
"(0, 1, 0, 1, 1)",8,0.7961904761904762,0.8363767990569638,0.6496544272841771,1.0,0.8286770754470469,0.8255844517286166,0.6309624725249389,1.0,0.8633333333333333,0.6699999999999999,1.0
"(0, 1, 1, 0, 0)",8,0.7933333333333332,0.8077737744381507,0.7508399949806329,1.0,0.8528712564729279,0.8621089801563759,0.6943664093840148,1.0,0.76,0.8175000000000001,1.0
"(0, 1, 1, 0, 1)",8,0.7904761904761904,0.8048850067219219,0.747805969147996,1.0,0.8508969919566394,0.8597592605409929,0.6909263007443252,1.0,0.7566666666666667,0.8150000000000001,1.0
"(0, 1, 1, 1, 0)",8,0.8076190476190476,0.8469052915397894,0.6635447103514314,1.0,0.8368166672970736,0.8349364484272289,0.6461740831623307,1.0,0.875,0.6825,1.0
"(0, 1, 1, 1, 1)",8,0.7514285714285714,0.8151229793286751,0.5013993863653372,1.0,0.7721741218980042,0.7728881026094647,0.4886879127189204,1.0,0.8883333333333333,0.515,1.0
"(1, 0, 0, 0, 0)",8,0.7942857142857143,0.8121347979856226,0.7457879646929966,1.0,0.8526409208928731,0.8494275461380724,0.7047289758045572,1.0,0.7783333333333333,0.7925000000000001,1.0
"(1, 0, 0, 0, 1)",8,0.8019047619047619,0.819774183704608,0.7540229885057471,1.0,0.8579323907367848,0.8540431266846362,0.7152804642166345,1.0,0.7883333333333333,0.7975000000000001,1.0
"(1, 0, 0, 1, 0)",8,0.7971428571428572,0.8369343393116964,0.6514452652747207,1.0,0.8294598681954722,0.8286348939839918,0.62999037999038,1.0,0.8616666666666667,0.675,1.0
"(1, 0, 0, 1, 1)",8,0.7961904761904762,0.8364254922988433,0.6495473248672732,1.0,0.8286576057220388,0.8257201690638224,0.630790863713251,1.0,0.8633333333333333,0.6699999999999999,1.0
"(1, 0, 1, 0, 0)",8,0.8209523809523809,0.8371031869775617,0.7776227747680757,1.0,0.871575320581879,0.8722150998646285,0.7378035115422851,1.0,0.805,0.8225000000000001,1.0
"(1, 0, 1, 0, 1)",8,0.8209523809523809,0.8379757016856921,0.7759694945059656,1.0,0.8713150653972193,0.8683086509402298,0.7409688820607752,1.0,0.8099999999999999,0.8150000000000001,1.0
"(1, 0, 1, 1, 0)",8,0.8152380952380952,0.8535927444588639,0.6734980346463066,1.0,0.8423635930350569,0.8434471217182296,0.6538323846239257,1.0,0.8800000000000001,0.6950000000000001,1.0
"(1, 0, 1, 1, 1)",8,0.8133333333333332,0.852071106436254,0.670703933747412,1.0,0.8409250133945554,0.8402642636001769,0.6530022446689114,1.0,0.8800000000000001,0.6900000000000001,1.0
"(1, 1, 0, 0, 0)",8,0.7628571428571428,0.7766222641773303,0.7185302382965112,1.0,0.8317175008246138,0.8412473040977714,0.6559036393713813,1.0,0.7216666666666667,0.7949999999999999,1.0
"(1, 1, 0, 0, 1)",8,0.7666666666666666,0.7802710665566053,0.7230540597139078,1.0,0.8344417087568378,0.8449865099702851,0.6598399685603569,1.0,0.7250000000000001,0.8,1.0
"(1, 1, 0, 1, 0)",8,0.7961904761904762,0.8361795664835183,0.6500480596858983,1.0,0.8287425420564721,0.8270230102924622,0.6295201605546433,1.0,0.8616666666666667,0.6725,1.0
"(1, 1, 0, 1, 1)",8,0.7942857142857143,0.8346783743870659,0.6472417474093155,1.0,0.8273067072654603,0.8238014036241857,0.6285396300029171,1.0,0.8616666666666667,0.6675,1.0
"(1, 1, 1, 0, 0)",8,0.8,0.8138322494930424,0.7591494632535095,1.0,0.8576605709155174,0.8693831091027352,0.7012804187889079,1.0,0.7649999999999999,0.8275,1.0
"(1, 1, 1, 0, 1)",8,0.7476190476190476,0.7868788444751214,0.5991494632535095,1.0,0.795342769242877,0.8042202018345648,0.5539119977362763,1.0,0.7899999999999999,0.6525000000000001,1.0
"(1, 1, 1, 1, 0)",8,0.8076190476190476,0.8471461251566599,0.6630640551624487,1.0,0.8367367267730362,0.8335613397901532,0.6473945495797453,1.0,0.8766666666666666,0.68,1.0
"(1, 1, 1, 1, 1)",8,0.6923809523809524,0.7808178123803863,0.33549197900495303,1.0,0.7054365971284464,0.7094053192077239,0.32663302495093915,1.0,0.8983333333333332,0.34500000000000003,1.0
"(0, 0, 0, 0, 1)",9,0.8,0.8167713000480017,0.7540116323575639,1.0,0.8569276441351885,0.8573218412003459,0.7092501197422639,1.0,0.78,0.805,1.0
"(0, 0, 0, 1, 0)",9,0.7933333333333333,0.832940412387873,0.6502370391734615,1.0,0.8277258171871115,0.8303030733002981,0.6234494897893825,1.0,0.8516666666666668,0.6799999999999999,1.0
"(0, 0, 0, 1, 1)",9,0.7933333333333333,0.8331674556564372,0.6497883259104894,1.0,0.8276519271889755,0.8289181142354289,0.6247570179078823,1.0,0.8533333333333333,0.6775,1.0
"(0, 0, 1, 0, 0)",9,0.8247619047619048,0.8385457081825711,0.7859904463352739,1.0,0.8748453848392819,0.8855147211279288,0.7351386202450032,1.0,0.7966666666666666,0.845,1.0
"(0, 0, 1, 0, 1)",9,0.8266666666666668,0.8414398811494224,0.7863142724827682,1.0,0.8759180512107301,0.8816644155715642,0.741391950061157,1.0,0.805,0.8375,1.0
"(0, 0, 1, 1, 0)",9,0.8038095238095238,0.8428390336830264,0.6624839133802267,1.0,0.8351076490210841,0.8383032066196392,0.6377416823552586,1.0,0.8633333333333333,0.69,1.0
"(0, 0, 1, 1, 1)",9,0.8038095238095238,0.8430291987061963,0.662105794038074,1.0,0.8350449975814234,0.8368498307421962,0.6392146363230701,1.0,0.865,0.6874999999999999,1.0
"(0, 1, 0, 0, 0)",9,0.7638095238095237,0.7773317881724962,0.7199786470401163,1.0,0.8324368117375375,0.8428519593613932,0.6565671031096564,1.0,0.7216666666666667,0.7975,1.0
"(0, 1, 0, 0, 1)",9,0.7647619047619048,0.7775664664707981,0.7222049841190695,1.0,0.8332571501966225,0.8454968817067318,0.6567683089686851,1.0,0.7200000000000001,0.8025,1.0
"(0, 1, 0, 1, 0)",9,0.781904761904762,0.8215609022930709,0.6379203791637051,1.0,0.8198270938189254,0.8250344065866113,0.6051087264716788,1.0,0.8350000000000002,0.675,1.0
"(0, 1, 0, 1, 1)",9,0.7342857142857143,0.7987696164240691,0.4865649897100475,1.0,0.7617782020447056,0.7659336840809678,0.4654262404262404,1.0,0.8616666666666667,0.51,1.0
"(0, 1, 1, 0, 0)",9,0.7904761904761904,0.8057116169608323,0.746365959229066,1.0,0.8506925253966328,0.8574919734353698,0.6922028214616096,1.0,0.76,0.8099999999999999,1.0
"(0, 1, 1, 0, 1)",9,0.7904761904761904,0.8060370137862292,0.7458334916965985,1.0,0.8506235018276092,0.8560450869884833,0.6930580846195044,1.0,0.7616666666666667,0.8074999999999999,1.0
"(0, 1, 1, 1, 0)",9,0.800952380952381,0.8403377220118301,0.6587822328623564,1.0,0.8330399849580623,0.8347227756523056,0.6349551301291504,1.0,0.8616666666666667,0.6849999999999999,1.0
"(0, 1, 1, 1, 1)",9,0.7485714285714286,0.8116884808319569,0.5032224871120892,1.0,0.771636989314682,0.7789082739930675,0.4813270063270063,1.0,0.875,0.5275000000000001,1.0
"(1, 0, 0, 0, 0)",9,0.7942857142857143,0.8121347979856226,0.7457879646929966,1.0,0.8526409208928731,0.8494275461380724,0.7047289758045572,1.0,0.7783333333333333,0.7925000000000001,1.0
"(1, 0, 0, 0, 1)",9,0.800952380952381,0.818757207299434,0.7531485889153349,1.0,0.8573019320715896,0.8537204150989197,0.7136314760508309,1.0,0.7866666666666666,0.7975000000000001,1.0
"(1, 0, 0, 1, 0)",9,0.7933333333333333,0.832702236805716,0.6507244496180913,1.0,0.8278088954746025,0.8316070636802768,0.6221307577574832,1.0,0.85,0.6825,1.0
"(1, 0, 0, 1, 1)",9,0.7380952380952381,0.8021766820506526,0.49138635361530963,1.0,0.7645210118886541,0.7694889682397003,0.470185669210984,1.0,0.865,0.515,1.0
"(1, 0, 1, 0, 0)",9,0.8161904761904761,0.8322796516754941,0.7726653173725564,1.0,0.8683149896826834,0.8694538890478094,0.7307411165030743,1.0,0.7983333333333332,0.82,1.0
"(1, 0, 1, 0, 1)",9,0.8171428571428571,0.8339054972200672,0.7724396745490162,1.0,0.8687817239230279,0.8671036881125447,0.7343605098980353,1.0,0.8033333333333333,0.8149999999999998,1.0
"(1, 0, 1, 1, 0)",9,0.800952380952381,0.8401332999738049,0.6591902962417671,1.0,0.8331078654051908,0.8361615437463371,0.6335683516880215,1.0,0.86,0.6875,1.0
"(1, 0, 1, 1, 1)",9,0.800952380952381,0.8405410971975791,0.6584071897899174,1.0,0.8329827623291655,0.833202035329695,0.6362774899393283,1.0,0.8633333333333333,0.6824999999999999,1.0
"(1, 1, 0, 0, 0)",9,0.7628571428571428,0.7766222641773303,0.7185302382965112,1.0,0.8317175008246138,0.8412473040977714,0.6559036393713813,1.0,0.7216666666666667,0.7949999999999999,1.0
"(1, 1, 0, 0, 1)",9,0.7638095238095237,0.7765045195681433,0.7213511253341762,1.0,0.8326185483007731,0.845227339927756,0.6553125418914174,1.0,0.7183333333333334,0.8025,1.0
"(1, 1, 0, 1, 0)",9,0.781904761904762,0.8223205008038622,0.6365099027841336,1.0,0.819610134529332,0.8207778863786308,0.6085807990459153,1.0,0.8400000000000001,0.6675000000000001,1.0
"(1, 1, 0, 1, 1)",9,0.6742857142857144,0.7643232470853955,0.32049382716049385,1.0,0.6949390247486298,0.6974389404320886,0.3096476964769648,1.0,0.875,0.3325,1.0
"(1, 1, 1, 0, 0)",9,0.7914285714285714,0.8074177880603429,0.7460780349312102,1.0,0.8511652743305177,0.8550909875438176,0.6954605944696789,1.0,0.765,0.805,1.0
"(1, 1, 1, 0, 1)",9,0.7438095238095238,0.7848166808821493,0.5944745148755971,1.0,0.7930970652525822,0.7961461410863558,0.5550622183760556,1.0,0.7916666666666666,0.64,1.0
"(1, 1, 1, 1, 0)",9,0.7971428571428572,0.8368811948853654,0.6540330888571121,1.0,0.8303047612474923,0.8311518363758262,0.6304487680993704,1.0,0.8583333333333334,0.6799999999999999,1.0
"(1, 1, 1, 1, 1)",9,0.6838095238095239,0.7728507709391594,0.3313749548899314,1.0,0.7014085752763637,0.7066540709093901,0.31903614457831325,1.0,0.8833333333333334,0.34500000000000003,1.0
"(0, 0, 0, 0, 1)",10,0.8,0.8164289246339351,0.754661664481832,1.0,0.8570301963719225,0.858497029139231,0.7083687197023788,1.0,0.7783333333333333,0.8074999999999999,1.0
"(0, 0, 0, 1, 0)",10,0.781904761904762,0.8218621237889323,0.6397084275822473,1.0,0.8205235171237266,0.824802583551022,0.6086552046881242,1.0,0.835,0.675,1.0
"(0, 0, 0, 1, 1)",10,0.7828571428571429,0.8235789641560286,0.6393501532261125,1.0,0.8209763724607138,0.8205411365512759,0.6138698839284128,1.0,0.8416666666666666,0.6675,1.0
"(0, 0, 1, 0, 0)",10,0.8238095238095239,0.8378263618817158,0.7845507902949763,1.0,0.8741257173922307,0.8839224664224664,0.7345226579294085,1.0,0.7966666666666666,0.8425,1.0
"(0, 0, 1, 0, 1)",10,0.822857142857143,0.8370431023104047,0.7832456059770034,1.0,0.8734295694291362,0.8820866998208178,0.7340374687269858,1.0,0.7966666666666667,0.8400000000000001,1.0
"(0, 0, 1, 1, 0)",10,0.7933333333333333,0.8324586173162125,0.6535429296489497,1.0,0.8286671823217209,0.8360212582885523,0.6214231499051234,1.0,0.845,0.69,1.0
"(0, 0, 1, 1, 1)",10,0.7923809523809524,0.8317301643771573,0.6520795150148033,1.0,0.8279365597973204,0.8345070154099916,0.6208909370199693,1.0,0.845,0.6875,1.0
"(0, 1, 0, 0, 0)",10,0.7628571428571428,0.7766222641773303,0.7185302382965112,1.0,0.8317175008246138,0.8412473040977714,0.6559036393713813,1.0,0.7216666666666667,0.7949999999999999,1.0
"(0, 1, 0, 0, 1)",10,0.7609523809523809,0.7727467129870674,0.7195798400494533,1.0,0.8307755176788401,0.8456713920999634,0.650801773288784,1.0,0.7116666666666667,0.8049999999999999,1.0
"(0, 1, 0, 1, 0)",10,0.7723809523809525,0.8125926719207737,0.6290990185599676,1.0,0.813897230160247,0.818081541189116,0.5952217759316406,1.0,0.8233333333333333,0.6675,1.0
"(0, 1, 0, 1, 1)",10,0.720952380952381,0.7859322589691767,0.4761776573154729,1.0,0.7540366387615499,0.7592909364381681,0.45077882269533126,1.0,0.8416666666666668,0.505,1.0
"(0, 1, 1, 0, 0)",10,0.7876190476190476,0.8029139212468207,0.7431680391013809,1.0,0.8486939867827339,0.8554074851303353,0.6885267786434568,1.0,0.7566666666666667,0.8074999999999999,1.0
"(0, 1, 1, 0, 1)",10,0.7333333333333333,0.7748530735138419,0.585864668314864,1.0,0.786905913942902,0.7885288417811037,0.5456696357863139,1.0,0.7783333333333333,0.6325000000000001,1.0
"(0, 1, 1, 1, 0)",10,0.7923809523809524,0.8315536351875474,0.6511789968398023,1.0,0.8275775440091167,0.8347997506212517,0.619385420071919,1.0,0.8450000000000001,0.6875,1.0
"(0, 1, 1, 1, 1)",10,0.7885714285714286,0.8288866301246521,0.6462073873602039,1.0,0.8250313391616186,0.8262585064322978,0.6202608235138356,1.0,0.8466666666666667,0.675,1.0
"(1, 0, 0, 0, 0)",10,0.7942857142857143,0.8121347979856226,0.7457879646929966,1.0,0.8526409208928731,0.8494275461380724,0.7047289758045572,1.0,0.7783333333333333,0.7925000000000001,1.0
"(1, 0, 0, 0, 1)",10,0.8019047619047619,0.8194211956562716,0.7547110818323034,1.0,0.8580440924961916,0.855148447538437,0.7144219673380092,1.0,0.7866666666666666,0.8,1.0
"(1, 0, 0, 1, 0)",10,0.7866666666666667,0.8251508402119526,0.6476153309145256,1.0,0.8242553903754928,0.8357562578244447,0.6086259611210376,1.0,0.8316666666666667,0.6925,1.0
"(1, 0, 0, 1, 1)",10,0.6685714285714287,0.7588248046593904,0.3213184476342371,1.0,0.6933810840978759,0.6974999034960176,0.30678733031674205,1.0,0.8616666666666667,0.3375,1.0
"(1, 0, 1, 0, 0)",10,0.8123809523809523,0.8282454378533011,0.7689930784869944,1.0,0.8657461721134319,0.8685259607430849,0.7241358110971692,1.0,0.7916666666666666,0.82,1.0
"(1, 0, 1, 0, 1)",10,0.7542857142857142,0.7956475676318961,0.6099423508928151,1.0,0.8018633061749038,0.8035707981612769,0.5747091508009436,1.0,0.8033333333333333,0.65,1.0
"(1, 0, 1, 1, 0)",10,0.7923809523809524,0.8314838946393621,0.652579074227263,1.0,0.8280209896222084,0.835807680866737,0.6196174043510878,1.0,0.8433333333333334,0.69,1.0
"(1, 0, 1, 1, 1)",10,0.7914285714285715,0.830756489656638,0.6511186872247073,1.0,0.8272917256271152,0.8342821278537697,0.6190702087286528,1.0,0.8433333333333334,0.6875000000000001,1.0
"(1, 1, 0, 0, 0)",10,0.7628571428571428,0.7766222641773303,0.7185302382965112,1.0,0.8317175008246138,0.8412473040977714,0.6559036393713813,1.0,0.7216666666666667,0.7949999999999999,1.0
"(1, 1, 0, 0, 1)",10,0.7638095238095237,0.7761111605289688,0.7219775896295234,1.0,0.8326962500528307,0.8465668775668777,0.654658111863818,1.0,0.7166666666666666,0.8049999999999999,1.0
"(1, 1, 0, 1, 0)",10,0.7742857142857144,0.8140831237139734,0.6318790239061318,1.0,0.8153207158733684,0.8214358388830364,0.5963318591878848,1.0,0.8233333333333333,0.6725,1.0
"(1, 1, 0, 1, 1)",10,0.7171428571428573,0.7827494430030862,0.47086917074941026,1.0,0.7512062045841655,0.7545038296071571,0.44743603430482903,1.0,0.8399999999999999,0.49749999999999994,1.0
"(1, 1, 1, 0, 0)",10,0.7876190476190476,0.803926038631049,0.741403925798333,1.0,0.8484433214764607,0.851411537053739,0.6910568319590829,1.0,0.7616666666666667,0.8,1.0
"(1, 1, 1, 0, 1)",10,0.7304761904761905,0.7725883337364905,0.5828820628119127,1.0,0.7851567988494678,0.7850258210843339,0.5443291644652865,1.0,0.7766666666666666,0.6275000000000001,1.0
"(1, 1, 1, 1, 0)",10,0.8495238095238096,0.8638296810005585,0.8116653486519813,1.0,0.8918316765508466,0.8972281910657813,0.773231563192121,1.0,0.8333333333333334,0.8550000000000001,1.0
"(1, 1, 1, 1, 1)",10,0.7361904761904763,0.8000988766561241,0.49330686330119117,1.0,0.7644685799857719,0.7730530126231232,0.46759834368530023,1.0,0.8566666666666667,0.5225,1.0
"(0, 0, 0, 0, 1)",11,0.8019047619047619,0.8181605263655367,0.7570285283871575,1.0,0.8583963515842313,0.8602988309410329,0.7106159107136146,1.0,0.78,0.8099999999999999,1.0
"(0, 0, 0, 1, 0)",11,0.8361904761904763,0.8494091406944765,0.7993767045977986,1.0,0.8829286150974249,0.8952769658768884,0.7490421008029224,1.0,0.8083333333333333,0.8574999999999999,1.0
"(0, 0, 0, 1, 1)",11,0.7704761904761905,0.8103947693818172,0.6299040729385557,1.0,0.8134329474401243,0.8202927901533315,0.5929378458732788,1.0,0.8166666666666668,0.6725,1.0
"(0, 0, 1, 0, 0)",11,0.8123809523809523,0.8267180502281832,0.7716319296353897,1.0,0.8661166599545244,0.8756017675025876,0.7194729539121362,1.0,0.7833333333333333,0.8324999999999999,1.0
"(0, 0, 1, 0, 1)",11,0.8161904761904761,0.8313663938075171,0.7743131622622317,1.0,0.8685598520232496,0.8734907690971223,0.7278349872513867,1.0,0.7933333333333333,0.8275,1.0
"(0, 0, 1, 1, 0)",11,0.8476190476190476,0.8616077883108497,0.8102029408032225,1.0,0.8906035763713576,0.8983159142162499,0.7686192703881967,1.0,0.8283333333333334,0.8574999999999999,1.0
"(0, 0, 1, 1, 1)",11,0.7780952380952382,0.818729954162956,0.6368649922221417,1.0,0.8185316487950326,0.82039995494514,0.6070641731493659,1.0,0.8316666666666667,0.6699999999999999,1.0
"(0, 1, 0, 0, 0)",11,0.7628571428571428,0.7766222641773303,0.7185302382965112,1.0,0.8317175008246138,0.8412473040977714,0.6559036393713813,1.0,0.7216666666666667,0.7949999999999999,1.0
"(0, 1, 0, 0, 1)",11,0.7619047619047619,0.773849887590242,0.7203720478416612,1.0,0.8314073118106343,0.8460193774479489,0.6521394925870296,1.0,0.7133333333333333,0.8049999999999999,1.0
"(0, 1, 0, 1, 0)",11,0.7600000000000001,0.7985476546908025,0.6209816418340102,1.0,0.8065097655082709,0.8206840194537379,0.5735011404366243,1.0,0.7949999999999999,0.6775,1.0
"(0, 1, 0, 1, 1)",11,0.7095238095238094,0.7744366399496025,0.4687061613450216,1.0,0.747714267098208,0.7558960937862111,0.4376406211787723,1.0,0.8216666666666667,0.505,1.0
"(0, 1, 1, 0, 0)",11,0.7838095238095237,0.8000938002134333,0.7372884010345455,1.0,0.8457940670826597,0.849140286823171,0.6858488960960852,1.0,0.7566666666666666,0.7975,1.0
"(0, 1, 1, 0, 1)",11,0.7285714285714285,0.7704285191046953,0.5812790596007189,1.0,0.783902526235138,0.7842972711969055,0.5414940577249576,1.0,0.7733333333333333,0.6275,1.0
"(0, 1, 1, 1, 0)",11,0.7771428571428572,0.8172264496272517,0.6368063290201692,1.0,0.818010926215807,0.8232160678904347,0.6031725814189276,1.0,0.8266666666666668,0.675,1.0
"(0, 1, 1, 1, 1)",11,0.7752380952380953,0.816032890813128,0.6334243903869428,1.0,0.8164857604000236,0.8186689252836544,0.6031404829229284,1.0,0.8283333333333334,0.6675000000000001,1.0
"(1, 0, 0, 0, 0)",11,0.7942857142857143,0.8121347979856226,0.7457879646929966,1.0,0.8526409208928731,0.8494275461380724,0.7047289758045572,1.0,0.7783333333333333,0.7925000000000001,1.0
"(1, 0, 0, 0, 1)",11,0.8028571428571428,0.8201260144718695,0.7561798700819974,1.0,0.8587686281846223,0.8567114784592661,0.7150908636590796,1.0,0.7866666666666666,0.8025,1.0
"(1, 0, 0, 1, 0)",11,0.7761904761904763,0.8150988600026713,0.6379413919413921,1.0,0.8176800839813543,0.8285164512338425,0.5972875114241171,1.0,0.8183333333333334,0.6849999999999999,1.0
"(1, 0, 0, 1, 1)",11,0.6619047619047619,0.7522015294646873,0.321197934595525,1.0,0.6911331546867374,0.6975765500708292,0.3027417380660955,1.0,0.8466666666666669,0.34249999999999997,1.0
"(1, 0, 1, 0, 0)",11,0.8142857142857143,0.8302726527612068,0.7707890040593635,1.0,0.8670205522735234,0.8690810734644991,0.7274459544421339,1.0,0.7949999999999999,0.82,1.0
"(1, 0, 1, 0, 1)",11,0.8076190476190476,0.8237087790830719,0.7634090201100688,1.0,0.862372599731047,0.8646887590533691,0.7182652442107393,1.0,0.7866666666666666,0.8149999999999998,1.0
"(1, 0, 1, 1, 0)",11,0.78,0.8197930928368603,0.6404438285487664,1.0,0.8200789737952089,0.8267637022349144,0.6056143346181374,1.0,0.8283333333333334,0.68,1.0
"(1, 0, 1, 1, 1)",11,0.78,0.8197695226893309,0.6405161179187532,1.0,0.820095213536028,0.8266209172497716,0.6056366977801423,1.0,0.8283333333333334,0.68,1.0
"(1, 1, 0, 0, 0)",11,0.7628571428571428,0.7766222641773303,0.7185302382965112,1.0,0.8317175008246138,0.8412473040977714,0.6559036393713813,1.0,0.7216666666666667,0.7949999999999999,1.0
"(1, 1, 0, 0, 1)",11,0.7609523809523809,0.7727439431388157,0.7195463541982879,1.0,0.830763432445701,0.8457720057720058,0.6508193605738283,1.0,0.7116666666666667,0.8049999999999999,1.0
"(1, 1, 0, 1, 0)",11,0.759047619047619,0.7990047710570279,0.6175604873100582,1.0,0.8055217527890288,0.8131465665715052,0.5766955202273754,1.0,0.8016666666666665,0.665,1.0
"(1, 1, 0, 1, 1)",11,0.6504761904761904,0.7416516908511926,0.30731640167939983,1.0,0.6829893641768641,0.6862835488250197,0.28967962827097093,1.0,0.8366666666666667,0.3275,1.0
"(1, 1, 1, 0, 0)",11,0.78,0.7954541641580268,0.7344704910913616,1.0,0.8433082184164629,0.849462791243114,0.6793846685679716,1.0,0.7483333333333333,0.8,1.0
"(1, 1, 1, 0, 1)",11,0.7247619047619047,0.7661313772938093,0.5778744588744589,1.0,0.7813352787227561,0.7832724159898073,0.5358512759170654,1.0,0.7666666666666667,0.6275000000000001,1.0
"(1, 1, 1, 1, 0)",11,0.7790476190476191,0.8185197712942609,0.6399456635318705,1.0,0.8194884782753771,0.8281637954607601,0.6029833344311969,1.0,0.825,0.6824999999999999,1.0
"(1, 1, 1, 1, 1)",11,0.7742857142857144,0.8145211804528827,0.6334782093285338,1.0,0.8159997965938055,0.8212055342979772,0.5991284046250007,1.0,0.8233333333333335,0.6725,1.0
"(0, 0, 0, 0, 1)",12,0.8038095238095238,0.8202213552937524,0.7588101141344715,1.0,0.8596771564760746,0.8607915254704246,0.7137453899300505,1.0,0.7833333333333334,0.8099999999999999,1.0
"(0, 0, 0, 1, 0)",12,0.8323809523809524,0.8434099815664615,0.7989364973491122,1.0,0.8807821596385246,0.9051930460547378,0.7355676462635967,1.0,0.79,0.875,1.0
"(0, 0, 0, 1, 1)",12,0.7647619047619049,0.8036487655107951,0.6278788638960864,1.0,0.8105092098022938,0.8226203149423629,0.5836915982949588,1.0,0.8016666666666665,0.6799999999999999,1.0
"(0, 0, 1, 0, 0)",12,0.8114285714285714,0.8259258934931942,0.7703361368212819,1.0,0.8654206767714919,0.8737554366162421,0.7190261830035747,1.0,0.7833333333333333,0.8300000000000001,1.0
"(0, 0, 1, 0, 1)",12,0.8095238095238095,0.8236272751363817,0.7689779824650079,1.0,0.8642017525337966,0.8747863207327387,0.7147166903543232,1.0,0.7783333333333333,0.8324999999999999,1.0
"(0, 0, 1, 1, 0)",12,0.8380952380952381,0.8513206068360948,0.8013764809715441,1.0,0.8842323626025465,0.8976419271552014,0.7508060506263722,1.0,0.8099999999999999,0.86,1.0
"(0, 0, 1, 1, 1)",12,0.7704761904761905,0.8099706992339113,0.6329478946575262,1.0,0.8143061979638124,0.824513477329441,0.5927279594738712,1.0,0.8116666666666668,0.68,1.0
"(0, 1, 0, 0, 0)",12,0.7638095238095237,0.7773317881724962,0.7199786470401163,1.0,0.8324368117375375,0.8428519593613932,0.6565671031096564,1.0,0.7216666666666667,0.7975,1.0
"(0, 1, 0, 0, 1)",12,0.7628571428571428,0.7743827425054849,0.7218763560631736,1.0,0.8320863661895528,0.8478975577471818,0.6533768412319955,1.0,0.7133333333333333,0.8074999999999999,1.0
"(0, 1, 0, 1, 0)",12,0.8123809523809523,0.8241675284461969,0.7758948780651274,1.0,0.8666874688371081,0.8869959304476508,0.7122845157516942,1.0,0.77,0.8525,1.0
"(0, 1, 0, 1, 1)",12,0.7542857142857142,0.7934151629513407,0.6159816276001406,1.0,0.8031322635171605,0.8145740745111825,0.5707606815149127,1.0,0.79,0.6699999999999999,1.0
"(0, 1, 1, 0, 0)",12,0.7780952380952381,0.7939765648693613,0.731721228275248,1.0,0.8418992643815365,0.8459985364817223,0.6781882979996766,1.0,0.7483333333333333,0.795,1.0
"(0, 1, 1, 0, 1)",12,0.7780952380952381,0.7936117247240047,0.7323198392822741,1.0,0.841977188002093,0.8473584683266171,0.6774434716707953,1.0,0.7466666666666667,0.7975,1.0
"(0, 1, 1, 1, 0)",12,0.8352380952380953,0.847545957190014,0.7998386453424017,1.0,0.8824615341774719,0.8997503479718494,0.7445131329151947,1.0,0.8016666666666665,0.865,1.0
"(0, 1, 1, 1, 1)",12,0.7704761904761905,0.8099706992339113,0.6329478946575262,1.0,0.8143061979638124,0.824513477329441,0.5927279594738712,1.0,0.8116666666666668,0.68,1.0
"(1, 0, 0, 0, 0)",12,0.799047619047619,0.8169416649384124,0.7508038153446345,1.0,0.8559151600943489,0.8520663232901239,0.711778784233676,1.0,0.7849999999999999,0.795,1.0
"(1, 0, 0, 0, 1)",12,0.8076190476190476,0.824902930123326,0.7612512328845891,1.0,0.862051387669305,0.8592831047959818,0.7222434689461641,1.0,0.7933333333333333,0.805,1.0
"(1, 0, 0, 1, 0)",12,0.8285714285714286,0.8404845129520366,0.7932542991685647,1.0,0.8779129373735337,0.8986687752887438,0.7331951775822743,1.0,0.79,0.865,1.0
"(1, 0, 0, 1, 1)",12,0.7638095238095239,0.8023403993993549,0.6273994204434359,1.0,0.8099132732809302,0.8240961353063483,0.5811894454751598,1.0,0.7983333333333333,0.6824999999999999,1.0
"(1, 0, 1, 0, 0)",12,0.8085714285714285,0.8250444528535882,0.763801659603385,1.0,0.8629487041523243,0.8634528011566509,0.7207319393183838,1.0,0.79,0.8125,1.0
"(1, 0, 1, 0, 1)",12,0.7485714285714286,0.7908677580104069,0.6055937646164166,1.0,0.7988205075422744,0.7973911551067839,0.5728522328179876,1.0,0.7983333333333332,0.6425,1.0
"(1, 0, 1, 1, 0)",12,0.8361904761904763,0.8493444585726472,0.7994478837112474,1.0,0.8829307807612983,0.8973661510797433,0.747432046633367,1.0,0.8066666666666666,0.8600000000000001,1.0
"(1, 0, 1, 1, 1)",12,0.7695238095238096,0.8087347173679517,0.6324455205811137,1.0,0.8137267459830217,0.825818841352822,0.5898781630740394,1.0,0.8083333333333333,0.6825000000000001,1.0
"(1, 1, 0, 0, 0)",12,0.7628571428571428,0.7766222641773303,0.7185302382965112,1.0,0.8317175008246138,0.8412473040977714,0.6559036393713813,1.0,0.7216666666666667,0.7949999999999999,1.0
"(1, 1, 0, 0, 1)",12,0.7609523809523809,0.7722005023620226,0.7202004902915439,1.0,0.8308003308845222,0.8473915917650826,0.6506175474591792,1.0,0.71,0.8074999999999999,1.0
"(1, 1, 0, 1, 0)",12,0.8114285714285714,0.8234439730253129,0.7744469247437726,1.0,0.8659636325896951,0.8854492458591654,0.7116949352719284,1.0,0.77,0.85,1.0
"(1, 1, 0, 1, 1)",12,0.7504761904761905,0.7893081312797061,0.6124831986248215,1.0,0.8005971099681759,0.8133477411647464,0.5643457233746558,1.0,0.7833333333333333,0.67,1.0
"(1, 1, 1, 0, 0)",12,0.7780952380952381,0.7939644905400346,0.731721979239014,1.0,0.8418954899263497,0.8459878366749297,0.6782235876742481,1.0,0.7483333333333333,0.7950000000000002,1.0
"(1, 1, 1, 0, 1)",12,0.7761904761904762,0.7921452863262116,0.7294976047434532,1.0,0.840547630356555,0.8440041245941302,0.6762349821397933,1.0,0.7466666666666667,0.7925000000000001,1.0
"(1, 1, 1, 1, 0)",12,0.8276190476190477,0.8408967174722534,0.7898219105607217,1.0,0.876906209344325,0.891316230362532,0.7366656359513503,1.0,0.7966666666666666,0.8525,1.0
"(1, 1, 1, 1, 1)",12,0.7657142857142858,0.8053579584379996,0.6275974025974025,1.0,0.810985120345134,0.8201923076923077,0.5869318181818182,1.0,0.8066666666666666,0.675,1.0
"(0, 0, 0, 0, 1)",13,0.8019047619047619,0.8181605263655367,0.7570285283871575,1.0,0.8583963515842313,0.8602988309410329,0.7106159107136146,1.0,0.78,0.8099999999999999,1.0
"(0, 0, 0, 1, 0)",13,0.8200000000000001,0.8286256806739164,0.7892053649546165,1.0,0.8726103485428442,0.9090679513295459,0.7124916063034874,1.0,0.7616666666666666,0.885,1.0
"(0, 0, 0, 1, 1)",13,0.7476190476190476,0.7875338197187587,0.6097133994840874,1.0,0.7990824064009486,0.8085114389386234,0.5654385087993334,1.0,0.7833333333333334,0.6625000000000001,1.0
"(0, 0, 1, 0, 0)",13,0.8114285714285714,0.8265748496298709,0.7691729188559513,1.0,0.8652492561619407,0.8711408022629472,0.720846665567101,1.0,0.7866666666666667,0.825,1.0
"(0, 0, 1, 0, 1)",13,0.8095238095238095,0.8242744541257633,0.7678138454221506,1.0,0.8640294331826379,0.8721973775464704,0.7165371501411654,1.0,0.7816666666666666,0.8274999999999999,1.0
"(0, 0, 1, 1, 0)",13,0.8276190476190477,0.8386245462981368,0.7937831111772339,1.0,0.8774692191584569,0.9029338528713297,0.7285931156596321,1.0,0.7833333333333333,0.8725000000000002,1.0
"(0, 0, 1, 1, 1)",13,0.7647619047619048,0.7273478108260717,0.7534319135539331,1.0,0.826926574793335,0.9143604567133978,0.6732283625060511,1.0,0.6649999999999999,0.885,1.0
"(0, 1, 0, 0, 0)",13,0.7638095238095237,0.7773317881724962,0.7199786470401163,1.0,0.8324368117375375,0.8428519593613932,0.6565671031096564,1.0,0.7216666666666667,0.7975,1.0
"(0, 1, 0, 0, 1)",13,0.7609523809523809,0.7720942830666815,0.7202807497616849,1.0,0.8307916776094555,0.8473995385055293,0.6509202324202464,1.0,0.71,0.8074999999999999,1.0
"(0, 1, 0, 1, 0)",13,0.8038095238095238,0.8139276853982906,0.7692129846073856,1.0,0.861046890001892,0.8877045730913725,0.6975950345412174,1.0,0.7516666666666667,0.8575000000000002,1.0
"(0, 1, 0, 1, 1)",13,0.7371428571428571,0.7754624150575173,0.6010827084419941,1.0,0.7921817078331704,0.8064651978497634,0.5485753502769632,1.0,0.7633333333333334,0.665,1.0
"(0, 1, 1, 0, 0)",13,0.7742857142857142,0.7897467429227722,0.7283478049174656,1.0,0.8393648492800793,0.8447764019184663,0.672255197898495,1.0,0.7416666666666667,0.795,1.0
"(0, 1, 1, 0, 1)",13,0.7828571428571428,0.7989624157064364,0.7364934439752047,1.0,0.8451519532272137,0.8488706997148375,0.6846455324709357,1.0,0.755,0.7975,1.0
"(0, 1, 1, 1, 0)",13,0.8190476190476191,0.8297709593469559,0.7848229864278181,1.0,0.871531315258258,0.8981566073511595,0.7171525939568862,1.0,0.7716666666666667,0.8675,1.0
"(0, 1, 1, 1, 1)",13,0.7552380952380953,0.7940106580509086,0.6199908782752209,1.0,0.8046671787753764,0.8188168462825776,0.5720261643118786,1.0,0.7866666666666667,0.6775,1.0
"(1, 0, 0, 0, 0)",13,0.7942857142857143,0.8121347979856226,0.7457879646929966,1.0,0.8526409208928731,0.8494275461380724,0.7047289758045572,1.0,0.7783333333333333,0.7925000000000001,1.0
"(1, 0, 0, 0, 1)",13,0.8085714285714285,0.8259350172539855,0.7621292089403544,1.0,0.8626880753981133,0.859561435772046,0.7238241497065028,1.0,0.7949999999999999,0.805,1.0
"(1, 0, 0, 1, 0)",13,0.8104761904761906,0.8218961017455744,0.7743508857799137,1.0,0.865415662508496,0.888614802673055,0.7081486503506562,1.0,0.7649999999999999,0.8549999999999999,1.0
"(1, 0, 0, 1, 1)",13,0.7514285714285714,0.7901653426090547,0.6158502006282539,1.0,0.8020051810791028,0.8166821269282891,0.5668943817458669,1.0,0.7816666666666666,0.675,1.0
"(1, 0, 1, 0, 0)",13,0.8114285714285714,0.8284420311456575,0.765880095267643,1.0,0.864774042137767,0.8629643242294135,0.7264485199787003,1.0,0.7966666666666666,0.8099999999999999,1.0
"(1, 0, 1, 0, 1)",13,0.7504761904761905,0.7171790574809023,0.7307906339377335,1.0,0.8159898971395453,0.8852224322357065,0.6674612259753678,1.0,0.67,0.8400000000000001,1.0
"(1, 0, 1, 1, 0)",13,0.8238095238095239,0.8351218251396979,0.7889700947322035,1.0,0.874697306623967,0.899853407700021,0.724441406217992,1.0,0.78,0.8674999999999999,1.0
"(1, 0, 1, 1, 1)",13,0.761904761904762,0.7997061454876992,0.6277672397615233,1.0,0.8091577950830742,0.8280569220826319,0.5762371541501976,1.0,0.7899999999999999,0.6900000000000001,1.0
"(1, 1, 0, 0, 0)",13,0.7628571428571428,0.7766222641773303,0.7185302382965112,1.0,0.8317175008246138,0.8412473040977714,0.6559036393713813,1.0,0.7216666666666667,0.7949999999999999,1.0
"(1, 1, 0, 0, 1)",13,0.7619047619047619,0.7732438596539308,0.721074263648178,1.0,0.8314393744340363,0.8476511971648749,0.652136949048707,1.0,0.7116666666666667,0.8074999999999999,1.0
"(1, 1, 0, 1, 0)",13,0.7980952380952381,0.81003898630981,0.7600484816119893,1.0,0.8566958226405997,0.876370309835732,0.6942908070003061,1.0,0.7533333333333333,0.8400000000000001,1.0
"(1, 1, 0, 1, 1)",13,0.7352380952380952,0.6978796644347306,0.7212596158505102,1.0,0.8063797600950802,0.8920878557030288,0.6360356498003842,1.0,0.63,0.86,1.0
"(1, 1, 1, 0, 0)",13,0.7761904761904762,0.7918505605544233,0.7299761090688899,1.0,0.8406088898744377,0.845541222615663,0.6753030359149104,1.0,0.745,0.7950000000000002,1.0
"(1, 1, 1, 0, 1)",13,0.7752380952380953,0.790764749104999,0.7291318319561293,1.0,0.8399655270203763,0.8453023835142289,0.6739306583813186,1.0,0.7433333333333334,0.7950000000000002,1.0
"(1, 1, 1, 1, 0)",13,0.8152380952380953,0.8271368482226539,0.7787137680031254,1.0,0.8686168720752597,0.8899232916616094,0.715674889310563,1.0,0.7733333333333332,0.8549999999999999,1.0
"(1, 1, 1, 1, 1)",13,0.7533333333333333,0.792111161791536,0.6167289904091843,1.0,0.80294671740024,0.8173673628226943,0.5683373831888684,1.0,0.7849999999999999,0.675,1.0
"(0, 0, 0, 0, 1)",14,0.8057142857142857,0.8219785049090984,0.7611101453054602,1.0,0.8610295500715195,0.8627109846768167,0.7159418538450797,1.0,0.7849999999999999,0.8125,1.0
"(0, 0, 0, 1, 0)",14,0.8114285714285716,0.8213941895836608,0.7777968701710625,1.0,0.8663970199182411,0.8962307041086515,0.7051386531522834,1.0,0.7583333333333333,0.8675,1.0
"(0, 0, 0, 1, 1)",14,0.741904761904762,0.7084674978231925,0.7257010534787793,1.0,0.8113895171006573,0.892389144797648,0.6448763633187085,1.0,0.6433333333333333,0.8574999999999999,1.0
"(0, 0, 1, 0, 0)",14,0.8114285714285714,0.8274736760574459,0.7676520401612873,1.0,0.8650419054062445,0.8668027816625947,0.7236756855791793,1.0,0.7916666666666667,0.8175000000000001,1.0
"(0, 0, 1, 0, 1)",14,0.8142857142857143,0.8305752474513348,0.770300637115861,1.0,0.8669586281890653,0.8675779964129399,0.7283474380026105,1.0,0.7966666666666666,0.8175000000000001,1.0
"(0, 0, 1, 1, 0)",14,0.8238095238095239,0.8333051550895588,0.792066933066933,1.0,0.8751240293854974,0.9084222919937206,0.7187706398348814,1.0,0.7699999999999999,0.8825,1.0
"(0, 0, 1, 1, 1)",14,0.7504761904761905,0.7147209288871361,0.737071974562751,1.0,0.8172643011499623,0.9035073807047741,0.653801146996372,1.0,0.6483333333333333,0.8725000000000002,1.0
"(0, 1, 0, 0, 0)",14,0.7638095238095237,0.7773317881724962,0.7199786470401163,1.0,0.8324368117375375,0.8428519593613932,0.6565671031096564,1.0,0.7216666666666667,0.7975,1.0
"(0, 1, 0, 0, 1)",14,0.7609523809523809,0.7720942830666815,0.7202807497616849,1.0,0.8307916776094555,0.8473995385055293,0.6509202324202464,1.0,0.71,0.8074999999999999,1.0
"(0, 1, 0, 1, 0)",14,0.7885714285714286,0.7990937831707439,0.7518399906978845,1.0,0.8503112579562094,0.8734736724645394,0.6807005620861946,1.0,0.7366666666666667,0.8400000000000001,1.0
"(0, 1, 0, 1, 1)",14,0.7314285714285713,0.6937171590905585,0.7193429468986718,1.0,0.8043533686630768,0.8949970556547375,0.6276205294045881,1.0,0.6183333333333334,0.8674999999999999,1.0
"(0, 1, 1, 0, 0)",14,0.7733333333333333,0.7886705536112888,0.7274941234159904,1.0,0.8387215590090931,0.8445434374455484,0.6708534250681507,1.0,0.74,0.795,1.0
"(0, 1, 1, 0, 1)",14,0.7838095238095237,0.79965642754746,0.7379103224684774,1.0,0.8458555833386459,0.8506139667271618,0.6853907178188531,1.0,0.755,0.8,1.0
"(0, 1, 1, 1, 0)",14,0.8123809523809523,0.8227406471632849,0.7781817896317613,1.0,0.8669741455983487,0.8949617853455628,0.7075507643048957,1.0,0.7616666666666666,0.865,1.0
"(0, 1, 1, 1, 1)",14,0.7466666666666667,0.7104579348411149,0.7336279152032354,1.0,0.8146952833481167,0.9026031337771132,0.6480757675510491,1.0,0.6416666666666667,0.8725000000000002,1.0
"(1, 0, 0, 0, 0)",14,0.7933333333333333,0.8107251063556665,0.7455703516362131,1.0,0.8520984859972932,0.8503791179307656,0.7024350689945213,1.0,0.775,0.795,1.0
"(1, 0, 0, 0, 1)",14,0.8085714285714285,0.8256503087916037,0.7626294962675356,1.0,0.862759935019713,0.8609847402391644,0.7228079615935403,1.0,0.7933333333333333,0.8075000000000001,1.0
"(1, 0, 0, 1, 0)",14,0.8047619047619048,0.8148593536148837,0.7702406666833883,1.0,0.8617000067660907,0.8901386103264229,0.6977802287127026,1.0,0.7516666666666667,0.86,1.0
"(1, 0, 0, 1, 1)",14,0.7457142857142858,0.7116967951065892,0.7308058017551836,1.0,0.8141675322872576,0.8976956036450264,0.648259522535606,1.0,0.645,0.865,1.0
"(1, 0, 1, 0, 0)",14,0.8066666666666666,0.8239508289268344,0.7602460532775458,1.0,0.8613989607347932,0.8591376525294315,0.7203856313191279,1.0,0.7916666666666667,0.805,1.0
"(1, 0, 1, 0, 1)",14,0.8057142857142857,0.8219964423633851,0.7610576900979569,1.0,0.8610180441537807,0.8627962954378049,0.7158924956200678,1.0,0.785,0.8125,1.0
"(1, 0, 1, 1, 0)",14,0.8161904761904764,0.8267519164916699,0.7819908568882455,1.0,0.8695809244599717,0.897746211945784,0.7123199236502435,1.0,0.7666666666666666,0.8674999999999999,1.0
"(1, 0, 1, 1, 1)",14,0.7542857142857143,0.7173182214078071,0.7432228507577344,1.0,0.8201803573885138,0.9117460317460319,0.6554266647916853,1.0,0.6466666666666667,0.885,1.0
"(1, 1, 0, 0, 0)",14,0.7638095238095237,0.7773317881724962,0.7199786470401163,1.0,0.8324368117375375,0.8428519593613932,0.6565671031096564,1.0,0.7216666666666667,0.7975,1.0
"(1, 1, 0, 0, 1)",14,0.7609523809523809,0.7720942830666815,0.7202807497616849,1.0,0.8307916776094555,0.8473995385055293,0.6509202324202464,1.0,0.71,0.8074999999999999,1.0
"(1, 1, 0, 1, 0)",14,0.7857142857142858,0.7965770037112223,0.7480766831093205,1.0,0.8482178956068476,0.8701508876766608,0.6780671197132377,1.0,0.735,0.835,1.0
"(1, 1, 0, 1, 1)",14,0.7257142857142856,0.6899071622677024,0.7101616392889716,1.0,0.8000229338522246,0.8835302684973152,0.6240579327280042,1.0,0.62,0.85,1.0
"(1, 1, 1, 0, 0)",14,0.7733333333333333,0.7894237452273393,0.726165051275782,1.0,0.8385295988343737,0.8421165734731018,0.6723338649654438,1.0,0.7433333333333334,0.79,1.0
"(1, 1, 1, 0, 1)",14,0.78,0.7969170198365014,0.7320285459241854,1.0,0.8429818552535624,0.8441657867716141,0.6823621479702425,1.0,0.755,0.79,1.0
"(1, 1, 1, 1, 0)",14,0.8066666666666666,0.8180459408088188,0.7702636144576563,1.0,0.8627698517554917,0.8863763241952984,0.7029954866977,1.0,0.76,0.8525,1.0
"(1, 1, 1, 1, 1)",14,0.7447619047619046,0.7080333780528654,0.7323894125448838,1.0,0.813474263532583,0.9036738220592415,0.6442617853021508,1.0,0.6366666666666666,0.875,1.0
"(0, 0, 0, 0, 1)",15,0.8066666666666666,0.8230189453875492,0.7619770183704756,1.0,0.8616653212526748,0.8629945543181847,0.7174803153835413,1.0,0.7866666666666666,0.8125,1.0
"(0, 0, 0, 1, 0)",15,0.8019047619047619,0.8113540541636655,0.7681368847111532,1.0,0.8598303129582728,0.8910057204467987,0.6925935930418063,1.0,0.745,0.8625,1.0
"(0, 0, 0, 1, 1)",15,0.737142857142857,0.70386154408776,0.7236624636149745,1.0,0.8091746692342449,0.897526283240569,0.6321525606784474,1.0,0.6266666666666667,0.8699999999999999,1.0
"(0, 0, 1, 0, 0)",15,0.8095238095238095,0.8257685064112248,0.7652529383397317,1.0,0.8636738149169855,0.8650135827174324,0.7213198408051615,1.0,0.79,0.8149999999999998,1.0
"(0, 0, 1, 0, 1)",15,0.8114285714285714,0.8278612976163764,0.7669831848445804,1.0,0.8649481608203189,0.8655613912494646,0.7243431973769052,1.0,0.7933333333333332,0.8149999999999998,1.0
"(0, 0, 1, 1, 0)",15,0.8066666666666666,0.8143769435971897,0.7759231920389412,1.0,0.8634333785453772,0.9033599811993585,0.6941294578437436,1.0,0.7416666666666667,0.8799999999999999,1.0
"(0, 0, 1, 1, 1)",15,0.7504761904761905,0.7170209036183504,0.7384959139190234,1.0,0.8185056058457914,0.9104314016831039,0.646758991510595,1.0,0.64,0.885,1.0
"(0, 1, 0, 0, 0)",15,0.7638095238095237,0.7773317881724962,0.7199786470401163,1.0,0.8324368117375375,0.8428519593613932,0.6565671031096564,1.0,0.7216666666666667,0.7975,1.0
"(0, 1, 0, 0, 1)",15,0.7609523809523809,0.7721903836944248,0.720184099834108,1.0,0.830791494509511,0.8474697620069944,0.650643308019614,1.0,0.71,0.8074999999999999,1.0
"(0, 1, 0, 1, 0)",15,0.7847619047619048,0.7936944614252888,0.75010658715937,1.0,0.8479336828615528,0.8769119554100927,0.6728772794900907,1.0,0.725,0.8474999999999999,1.0
"(0, 1, 0, 1, 1)",15,0.7228571428571428,0.6881959378733572,0.7099458643043818,1.0,0.799380600725913,0.8886536573392243,0.6148684478526073,1.0,0.6066666666666667,0.8625,1.0
"(0, 1, 1, 0, 0)",15,0.7742857142857142,0.7893912118606442,0.7289665797111095,1.0,0.8394525971905846,0.8460587523647426,0.6714598653226472,1.0,0.74,0.7975,1.0
"(0, 1, 1, 0, 1)",15,0.7857142857142857,0.8018022096932423,0.739633168910425,1.0,0.8471451262012224,0.8510453392761814,0.6882070443494654,1.0,0.7583333333333333,0.8,1.0
"(0, 1, 1, 1, 0)",15,0.800952380952381,0.8106120157590745,0.7667687407268835,1.0,0.8591269188286527,0.8892421374490391,0.6919943350300493,1.0,0.745,0.8600000000000001,1.0
"(0, 1, 1, 1, 1)",15,0.7409523809523808,0.7067640082478791,0.7291550518322925,1.0,0.8119730200267238,0.9047551546391752,0.634772174682752,1.0,0.6266666666666667,0.8799999999999999,1.0
"(1, 0, 0, 0, 0)",15,0.7942857142857143,0.8121347979856226,0.7457879646929966,1.0,0.8526409208928731,0.8494275461380724,0.7047289758045572,1.0,0.7783333333333333,0.7925000000000001,1.0
"(1, 0, 0, 0, 1)",15,0.8104761904761905,0.8276768441368182,0.7644560584179454,1.0,0.8640443008515879,0.8614452690596301,0.7260693807373408,1.0,0.7966666666666666,0.8075000000000001,1.0
"(1, 0, 0, 1, 0)",15,0.7942857142857143,0.8033325671781837,0.7603518551626094,1.0,0.8545614741135976,0.8860644316257649,0.6832125341715742,1.0,0.7350000000000001,0.8575000000000002,1.0
"(1, 0, 0, 1, 1)",15,0.7342857142857142,0.7009814693042962,0.7205017000030687,1.0,0.8071610564357883,0.8955312994678517,0.6287479322915435,1.0,0.6233333333333333,0.8675,1.0
"(1, 0, 1, 0, 0)",15,0.8028571428571428,0.8198081213950605,0.7566972298498013,1.0,0.8588351170816205,0.8581697626830371,0.7142121447743415,1.0,0.785,0.805,1.0
"(1, 0, 1, 0, 1)",15,0.8095238095238096,0.8260748420131074,0.7646427992700573,1.0,0.8635725470943884,0.8638316011311584,0.7223639198351941,1.0,0.7916666666666667,0.8125,1.0
"(1, 0, 1, 1, 0)",15,0.8028571428571428,0.811862930058183,0.7696858759402423,1.0,0.8605162686661417,0.8952992083231275,0.6922974803000778,1.0,0.7433333333333334,0.8674999999999999,1.0
"(1, 0, 1, 1, 1)",15,0.7466666666666667,0.7139681518670414,0.7331669681195437,1.0,0.8157117066621951,0.9030682889281021,0.6445578985317887,1.0,0.64,0.875,1.0
"(1, 1, 0, 0, 0)",15,0.7628571428571428,0.7766222641773303,0.7185302382965112,1.0,0.8317175008246138,0.8412473040977714,0.6559036393713813,1.0,0.7216666666666667,0.7949999999999999,1.0
"(1, 1, 0, 0, 1)",15,0.76,0.7710509257747733,0.7194069764050509,1.0,0.8301526340599414,0.847139933105737,0.6494008308307186,1.0,0.7083333333333334,0.8074999999999999,1.0
"(1, 1, 0, 1, 0)",15,0.7771428571428571,0.7866726707769571,0.740769087226111,1.0,0.8424805860010226,0.8673589503280225,0.6659115133792379,1.0,0.72,0.8350000000000002,1.0
"(1, 1, 0, 1, 1)",15,0.7228571428571428,0.6895300345501091,0.7079890441196264,1.0,0.7991730262232452,0.8845805191557268,0.6164526141642926,1.0,0.6116666666666667,0.8550000000000001,1.0
"(1, 1, 1, 0, 0)",15,0.7742857142857142,0.790109301753571,0.7276515011388391,1.0,0.8392536009641367,0.8436625291619233,0.6730628217350176,1.0,0.7433333333333334,0.7925000000000001,1.0
"(1, 1, 1, 0, 1)",15,0.7847619047619048,0.8017934863520733,0.7369857083727702,1.0,0.8462597315749478,0.846786005190302,0.6891401995950901,1.0,0.7616666666666666,0.7925,1.0
"(1, 1, 1, 1, 0)",15,0.7942857142857143,0.8041087204848607,0.7592161432210635,1.0,0.8544416212353081,0.8830343467584212,0.6845147827923082,1.0,0.7383333333333334,0.8524999999999998,1.0
"(1, 1, 1, 1, 1)",15,0.7399999999999999,0.7060942905667338,0.7276712538622127,1.0,0.8112551814763155,0.9031799869882896,0.6339984563582381,1.0,0.6266666666666667,0.8774999999999998,1.0
"(0, 0, 0, 0, 1)",16,0.8066666666666666,0.8230189453875492,0.7619770183704756,1.0,0.8616653212526748,0.8629945543181847,0.7174803153835413,1.0,0.7866666666666666,0.8125,1.0
"(0, 0, 0, 1, 0)",16,0.7952380952380953,0.8022004549843702,0.7644999730910743,1.0,0.8555668093584815,0.8953549671977508,0.6803446121311161,1.0,0.7266666666666667,0.8724999999999999,1.0
"(0, 0, 0, 1, 1)",16,0.7342857142857143,0.7017613481631683,0.7222319001689893,1.0,0.8079977494440526,0.9007207251832773,0.6245417607005612,1.0,0.6166666666666667,0.8775000000000001,1.0
"(0, 0, 1, 0, 0)",16,0.8104761904761905,0.8270941739164005,0.7655878937527192,1.0,0.8642273558897067,0.8639652510570753,0.7239232322349751,1.0,0.7933333333333332,0.8125,1.0
"(0, 0, 1, 0, 1)",16,0.8133333333333335,0.8298712482356905,0.7688342796892451,1.0,0.8662351759749786,0.866002277745397,0.7276624997973313,1.0,0.7966666666666666,0.8149999999999998,1.0
"(0, 0, 1, 1, 0)",16,0.799047619047619,0.8070414889548163,0.7670841523336234,1.0,0.8580418804294799,0.8953359495114814,0.6862926971216715,1.0,0.7350000000000001,0.8700000000000001,1.0
"(0, 0, 1, 1, 1)",16,0.74,0.7064719132652324,0.7299045550313792,1.0,0.8121254894322039,0.9101630771483762,0.6292156072637998,1.0,0.6183333333333334,0.89,1.0
"(0, 1, 0, 0, 0)",16,0.7628571428571428,0.7766222641773303,0.7185302382965112,1.0,0.8317175008246138,0.8412473040977714,0.6559036393713813,1.0,0.7216666666666667,0.7949999999999999,1.0
"(0, 1, 0, 0, 1)",16,0.7638095238095237,0.775669833734525,0.7224848191759697,1.0,0.8327182176368316,0.8483514214238512,0.6541825551890439,1.0,0.7149999999999999,0.8074999999999999,1.0
"(0, 1, 0, 1, 0)",16,0.781904761904762,0.7915264283514394,0.7459140174501102,1.0,0.8458134819338499,0.8717475468403304,0.6709436220321061,1.0,0.725,0.8400000000000001,1.0
"(0, 1, 0, 1, 1)",16,0.7228571428571429,0.6897258799035036,0.7105487247595574,1.0,0.8000915348876869,0.890800082421052,0.6120028478013773,1.0,0.6033333333333333,0.8675,1.0
"(0, 1, 1, 0, 0)",16,0.7742857142857142,0.7901259413464122,0.727691330832851,1.0,0.8392724240597543,0.8435552822985148,0.672982032877998,1.0,0.7433333333333334,0.7925,1.0
"(0, 1, 1, 0, 1)",16,0.7857142857142857,0.8017829878045811,0.7396816063180781,1.0,0.8471548647075531,0.8509492627433518,0.6882477848118456,1.0,0.7583333333333334,0.8,1.0
"(0, 1, 1, 1, 0)",16,0.7923809523809524,0.8008291697007669,0.7591836344908971,1.0,0.8533376013972214,0.8871162488966405,0.6796594516594516,1.0,0.73,0.86,1.0
"(0, 1, 1, 1, 1)",16,0.7380952380952381,0.7049890896284662,0.7272484212926417,1.0,0.8107458369737026,0.9062732116799858,0.6279493675165296,1.0,0.6183333333333334,0.885,1.0
"(1, 0, 0, 0, 0)",16,0.7942857142857143,0.8121347979856226,0.7457879646929966,1.0,0.8526409208928731,0.8494275461380724,0.7047289758045572,1.0,0.7783333333333333,0.7925000000000001,1.0
"(1, 0, 0, 0, 1)",16,0.8104761904761905,0.8279692775123715,0.7638771760623451,1.0,0.8639488178582388,0.8602197596057625,0.7271502214009165,1.0,0.7983333333333333,0.805,1.0
"(1, 0, 0, 1, 0)",16,0.7876190476190474,0.7945240869285539,0.7561129265925615,1.0,0.8502123378403719,0.8891991820149757,0.671789499223107,1.0,0.7183333333333334,0.865,1.0
"(1, 0, 0, 1, 1)",16,0.7276190476190475,0.6946802743832823,0.7154916579385462,1.0,0.8033906441072762,0.8956705286563892,0.6168656993842321,1.0,0.6083333333333334,0.8724999999999999,1.0
"(1, 0, 1, 0, 0)",16,0.800952380952381,0.8177718172128335,0.7549114522924898,1.0,0.8575610898351078,0.8576276276276277,0.71095759227531,1.0,0.7816666666666667,0.805,1.0
"(1, 0, 1, 0, 1)",16,0.8114285714285714,0.8290153958748846,0.764825100929363,1.0,0.8646134989347491,0.860266139027201,0.7285332988936244,1.0,0.8000000000000002,0.805,1.0
"(1, 0, 1, 1, 0)",16,0.7942857142857143,0.8022424427613497,0.761795976405374,1.0,0.8546794730555746,0.8913897425373898,0.6811931384507911,1.0,0.7300000000000001,0.865,1.0
"(1, 0, 1, 1, 1)",16,0.741904761904762,0.709489249968702,0.7304156398781527,1.0,0.8133016299489515,0.9075462213225371,0.6330767336112164,1.0,0.625,0.885,1.0
"(1, 1, 0, 0, 0)",16,0.7638095238095237,0.7773317881724962,0.7199786470401163,1.0,0.8324368117375375,0.8428519593613932,0.6565671031096564,1.0,0.7216666666666667,0.7975,1.0
"(1, 1, 0, 0, 1)",16,0.7638095238095237,0.775669833734525,0.7224848191759697,1.0,0.8327182176368316,0.8483514214238512,0.6541825551890439,1.0,0.7149999999999999,0.8074999999999999,1.0
"(1, 1, 0, 1, 0)",16,0.7761904761904761,0.7868334227040232,0.7380564831627543,1.0,0.8416299686222593,0.8629720962759571,0.6663448615053615,1.0,0.7233333333333334,0.8274999999999999,1.0
"(1, 1, 0, 1, 1)",16,0.720952380952381,0.6903090640343972,0.7047474308786585,1.0,0.7983521649710186,0.8802093851351083,0.6138470608068143,1.0,0.6116666666666667,0.85,1.0
"(1, 1, 1, 0, 0)",16,0.7752380952380953,0.7919211367701973,0.7272006706319044,1.0,0.8397072691340339,0.8414742023495994,0.676013991714652,1.0,0.7483333333333333,0.7875,1.0
"(1, 1, 1, 0, 1)",16,0.7838095238095237,0.8007631236775115,0.7361422693184178,1.0,0.8456351309986431,0.8464155806895668,0.6875345085022504,1.0,0.76,0.7925,1.0
"(1, 1, 1, 1, 0)",16,0.7847619047619048,0.7921667902386249,0.7522321517419983,1.0,0.8481329806602076,0.8833969291793767,0.6702604052746953,1.0,0.7183333333333334,0.8574999999999999,1.0
"(1, 1, 1, 1, 1)",16,0.7266666666666666,0.6940244721291131,0.7139793532768912,1.0,0.8026679418020015,0.8942011492678047,0.6160846332922684,1.0,0.6083333333333334,0.8699999999999999,1.0
